<?xml version="1.0" encoding="utf-8"?>
<Sequence Id="RYA_Indications" xmlns="urn:param-schema">
  <Links>
    <!-- List all sequences in this ipad detail here, including the current sequence id -->
    <Link SequenceId="ACA_Acarizax"/>
    <Link SequenceId="ACA_Pathway"/>
    <Link SequenceId="ACA_PI"/>
    <Link SequenceId="ACA_Prescribing"/>
    <Link SequenceId="ACA_Summary"/>
    <Link SequenceId="Allergy_AIT"/>
    <Link SequenceId="Allergy_Goals"/>
    <Link SequenceId="Allergy_Guidelines"/>
    <Link SequenceId="ALlergy_Home"/>
    <Link SequenceId="GRA_GPA"/>
    <Link SequenceId="GRA_Grazax"/>
    <Link SequenceId="GRA_PI"/>
    <Link SequenceId="GRA_Summary"/> 
    <Link SequenceId="RYA_Dosing"/>
    <Link SequenceId="RYA_Efficacy"/>
    <Link SequenceId="RYA_FAQ"/>
    <Link SequenceId="RYA_Home"/>
    <Link SequenceId="RYA_Indications"/>
    <Link SequenceId="RYA_PI"/>
    <Link SequenceId="RYA_QOL"/>
    <Link SequenceId="RYA_Safety"/>
    <Link SequenceId="RYA_Summary"/>
    <Link SequenceId="RYA_Unmet_Needs"/>
  </Links>
  <Pages>
    <!-- List all page ids for this sequence in here -->
    <Page pageid="RYA_Unmet_Needs"/>
    <Page pageid="RYA_UAD"/>
    <Page pageid="RYA_ASCIA"/>
    <Page pageid="RYA_Ref"/>
  </Pages>
</Sequence>
