<?xml version="1.0" encoding="utf-8"?>
<Sequence Id="RYA_Efficacy" xmlns="urn:param-schema">
  <Links>
    <!-- List all sequences in this ipad detail here, including the current sequence id -->
    <Link SequenceId="ACA_Acarizax"/>
    <Link SequenceId="ACA_Pathway"/>
    <Link SequenceId="ACA_PI"/>
    <Link SequenceId="ACA_Prescribing"/>
    <Link SequenceId="ACA_Summary"/>
    <Link SequenceId="Allergy_AIT"/>
    <Link SequenceId="Allergy_Goals"/>
    <Link SequenceId="Allergy_Guidelines"/>
    <Link SequenceId="ALlergy_Home"/>
    <Link SequenceId="GRA_GPA"/>
    <Link SequenceId="GRA_Grazax"/>
    <Link SequenceId="GRA_PI"/>
    <Link SequenceId="GRA_Summary"/> 
    <Link SequenceId="RYA_Dosing"/>
    <Link SequenceId="RYA_Efficacy"/>
    <Link SequenceId="RYA_FAQ"/>
    <Link SequenceId="RYA_Home"/>
    <Link SequenceId="RYA_Indications"/>
    <Link SequenceId="RYA_PI"/>
    <Link SequenceId="RYA_QOL"/>
    <Link SequenceId="RYA_Safety"/>
    <Link SequenceId="RYA_Summary"/>
    <Link SequenceId="RYA_Unmet_Needs"/>
  </Links>
  <Pages>
    <!-- List all page ids for this sequence in here -->
    <Page pageid="RYA_Efficacy"/>
    <Page pageid="RYA_Efficacy_Oscular_Symptoms"/>
    <Page pageid="RYA_Efficacy_Ocular_Symptoms_SD_1"/>
    <Page pageid="RYA_Efficacy_Ocular_Symptoms_SD_2"/>
    <Page pageid="RYA_Efficacy_Patients_Experience"/>
    <Page pageid="RYA_Efficacy_Patients_Experience_Ref"/>
    <Page pageid="RYA_Efficacy_Patients_Experience_SD"/>
    <Page pageid="RYA_Efficacy_Ref"/>
    <Page pageid="RYA_Efficacy_Oscular_Symptoms_Ref"/>
    <Page pageid="RYA_Efficacy_15_minutes"/>
    <Page pageid="RYA_Efficacy_15_minutes_SD_1"/>
    <Page pageid="RYA_Efficacy_15_minutes_Ref"/>
    <Page pageid="RYA_Efficacy_Usage"/>
    <Page pageid="RYA_Efficacy_Usage_SD"/>
    <Page pageid="RYA_Efficacy_Usage_Ref"/>
  </Pages>
</Sequence>
